{"metadata":{"kernel_spec":{"name":"SQL","language":"sql","display_name":"SQL"},"language_info":{"name":"sql","version":""}},"nbformat":4,"nbformat_minor":2,"cells":[{"cell_type":"markdown","source":["# [dbo].[__EFMigrationsHistory]"],"metadata":{"urn":"Server[@Name='LAPTOP-FT7LEQ3D\\LOCALDB#1D07BE82']/Database[@Name='SamsungWebDb']/Table[@Name='__EFMigrationsHistory' and @Schema='dbo']","object_type":"Table"}},{"outputs":[],"execution_count":0,"cell_type":"code","source":["USE [SamsungWebDb]\r\n","GO\r\n"],"metadata":{"urn":"Server[@Name='LAPTOP-FT7LEQ3D\\LOCALDB#1D07BE82']/Database[@Name='SamsungWebDb']/Table[@Name='__EFMigrationsHistory' and @Schema='dbo']","object_type":"Table"}},{"outputs":[],"execution_count":0,"cell_type":"code","source":["/****** Object:  Table [dbo].[__EFMigrationsHistory]    Script Date: 04/17/2026 8:04:53 PM ******/\r\nSET ANSI_NULLS ON\r\n","GO\r\n","SET QUOTED_IDENTIFIER ON\r\n","GO\r\n","CREATE TABLE [dbo].[__EFMigrationsHistory](\r\n\t[MigrationId] [nvarchar](150) NOT NULL,\r\n\t[ProductVersion] [nvarchar](32) NOT NULL,\r\n CONSTRAINT [PK___EFMigrationsHistory] PRIMARY KEY CLUSTERED \r\n(\r\n\t[MigrationId] ASC\r\n)WITH (PAD_INDEX = OFF, STATISTICS_NORECOMPUTE = OFF, IGNORE_DUP_KEY = OFF, ALLOW_ROW_LOCKS = ON, ALLOW_PAGE_LOCKS = ON, OPTIMIZE_FOR_SEQUENTIAL_KEY = OFF) ON [PRIMARY]\r\n) ON [PRIMARY]\r\nGO\r\n"],"metadata":{"urn":"Server[@Name='LAPTOP-FT7LEQ3D\\LOCALDB#1D07BE82']/Database[@Name='SamsungWebDb']/Table[@Name='__EFMigrationsHistory' and @Schema='dbo']","object_type":"Table"}},{"cell_type":"markdown","source":["# [dbo].[AspNetRoleClaims]"],"metadata":{"urn":"Server[@Name='LAPTOP-FT7LEQ3D\\LOCALDB#1D07BE82']/Database[@Name='SamsungWebDb']/Table[@Name='AspNetRoleClaims' and @Schema='dbo']","object_type":"Table"}},{"outputs":[],"execution_count":0,"cell_type":"code","source":["/****** Object:  Table [dbo].[AspNetRoleClaims]    Script Date: 04/17/2026 8:04:53 PM ******/\r\nSET ANSI_NULLS ON\r\n","GO\r\n","SET QUOTED_IDENTIFIER ON\r\n","GO\r\n","CREATE TABLE [dbo].[AspNetRoleClaims](\r\n\t[Id] [int] IDENTITY(1,1) NOT NULL,\r\n\t[RoleId] [nvarchar](450) NOT NULL,\r\n\t[ClaimType] [nvarchar](max) NULL,\r\n\t[ClaimValue] [nvarchar](max) NULL,\r\n CONSTRAINT [PK_AspNetRoleClaims] PRIMARY KEY CLUSTERED \r\n(\r\n\t[Id] ASC\r\n)WITH (PAD_INDEX = OFF, STATISTICS_NORECOMPUTE = OFF, IGNORE_DUP_KEY = OFF, ALLOW_ROW_LOCKS = ON, ALLOW_PAGE_LOCKS = ON, OPTIMIZE_FOR_SEQUENTIAL_KEY = OFF) ON [PRIMARY]\r\n) ON [PRIMARY] TEXTIMAGE_ON [PRIMARY]\r\nGO\r\n"],"metadata":{"urn":"Server[@Name='LAPTOP-FT7LEQ3D\\LOCALDB#1D07BE82']/Database[@Name='SamsungWebDb']/Table[@Name='AspNetRoleClaims' and @Schema='dbo']","object_type":"Table"}},{"cell_type":"markdown","source":["# [dbo].[AspNetRoles]"],"metadata":{"urn":"Server[@Name='LAPTOP-FT7LEQ3D\\LOCALDB#1D07BE82']/Database[@Name='SamsungWebDb']/Table[@Name='AspNetRoles' and @Schema='dbo']","object_type":"Table"}},{"outputs":[],"execution_count":0,"cell_type":"code","source":["/****** Object:  Table [dbo].[AspNetRoles]    Script Date: 04/17/2026 8:04:53 PM ******/\r\nSET ANSI_NULLS ON\r\n","GO\r\n","SET QUOTED_IDENTIFIER ON\r\n","GO\r\n","CREATE TABLE [dbo].[AspNetRoles](\r\n\t[Id] [nvarchar](450) NOT NULL,\r\n\t[Name] [nvarchar](256) NULL,\r\n\t[NormalizedName] [nvarchar](256) NULL,\r\n\t[ConcurrencyStamp] [nvarchar](max) NULL,\r\n CONSTRAINT [PK_AspNetRoles] PRIMARY KEY CLUSTERED \r\n(\r\n\t[Id] ASC\r\n)WITH (PAD_INDEX = OFF, STATISTICS_NORECOMPUTE = OFF, IGNORE_DUP_KEY = OFF, ALLOW_ROW_LOCKS = ON, ALLOW_PAGE_LOCKS = ON, OPTIMIZE_FOR_SEQUENTIAL_KEY = OFF) ON [PRIMARY]\r\n) ON [PRIMARY] TEXTIMAGE_ON [PRIMARY]\r\nGO\r\n"],"metadata":{"urn":"Server[@Name='LAPTOP-FT7LEQ3D\\LOCALDB#1D07BE82']/Database[@Name='SamsungWebDb']/Table[@Name='AspNetRoles' and @Schema='dbo']","object_type":"Table"}},{"cell_type":"markdown","source":["# [dbo].[AspNetUserClaims]"],"metadata":{"urn":"Server[@Name='LAPTOP-FT7LEQ3D\\LOCALDB#1D07BE82']/Database[@Name='SamsungWebDb']/Table[@Name='AspNetUserClaims' and @Schema='dbo']","object_type":"Table"}},{"outputs":[],"execution_count":0,"cell_type":"code","source":["/****** Object:  Table [dbo].[AspNetUserClaims]    Script Date: 04/17/2026 8:04:53 PM ******/\r\nSET ANSI_NULLS ON\r\n","GO\r\n","SET QUOTED_IDENTIFIER ON\r\n","GO\r\n","CREATE TABLE [dbo].[AspNetUserClaims](\r\n\t[Id] [int] IDENTITY(1,1) NOT NULL,\r\n\t[UserId] [nvarchar](450) NOT NULL,\r\n\t[ClaimType] [nvarchar](max) NULL,\r\n\t[ClaimValue] [nvarchar](max) NULL,\r\n CONSTRAINT [PK_AspNetUserClaims] PRIMARY KEY CLUSTERED \r\n(\r\n\t[Id] ASC\r\n)WITH (PAD_INDEX = OFF, STATISTICS_NORECOMPUTE = OFF, IGNORE_DUP_KEY = OFF, ALLOW_ROW_LOCKS = ON, ALLOW_PAGE_LOCKS = ON, OPTIMIZE_FOR_SEQUENTIAL_KEY = OFF) ON [PRIMARY]\r\n) ON [PRIMARY] TEXTIMAGE_ON [PRIMARY]\r\nGO\r\n"],"metadata":{"urn":"Server[@Name='LAPTOP-FT7LEQ3D\\LOCALDB#1D07BE82']/Database[@Name='SamsungWebDb']/Table[@Name='AspNetUserClaims' and @Schema='dbo']","object_type":"Table"}},{"cell_type":"markdown","source":["# [dbo].[AspNetUserLogins]"],"metadata":{"urn":"Server[@Name='LAPTOP-FT7LEQ3D\\LOCALDB#1D07BE82']/Database[@Name='SamsungWebDb']/Table[@Name='AspNetUserLogins' and @Schema='dbo']","object_type":"Table"}},{"outputs":[],"execution_count":0,"cell_type":"code","source":["/****** Object:  Table [dbo].[AspNetUserLogins]    Script Date: 04/17/2026 8:04:53 PM ******/\r\nSET ANSI_NULLS ON\r\n","GO\r\n","SET QUOTED_IDENTIFIER ON\r\n","GO\r\n","CREATE TABLE [dbo].[AspNetUserLogins](\r\n\t[LoginProvider] [nvarchar](450) NOT NULL,\r\n\t[ProviderKey] [nvarchar](450) NOT NULL,\r\n\t[ProviderDisplayName] [nvarchar](max) NULL,\r\n\t[UserId] [nvarchar](450) NOT NULL,\r\n CONSTRAINT [PK_AspNetUserLogins] PRIMARY KEY CLUSTERED \r\n(\r\n\t[LoginProvider] ASC,\r\n\t[ProviderKey] ASC\r\n)WITH (PAD_INDEX = OFF, STATISTICS_NORECOMPUTE = OFF, IGNORE_DUP_KEY = OFF, ALLOW_ROW_LOCKS = ON, ALLOW_PAGE_LOCKS = ON, OPTIMIZE_FOR_SEQUENTIAL_KEY = OFF) ON [PRIMARY]\r\n) ON [PRIMARY] TEXTIMAGE_ON [PRIMARY]\r\nGO\r\n"],"metadata":{"urn":"Server[@Name='LAPTOP-FT7LEQ3D\\LOCALDB#1D07BE82']/Database[@Name='SamsungWebDb']/Table[@Name='AspNetUserLogins' and @Schema='dbo']","object_type":"Table"}},{"cell_type":"markdown","source":["# [dbo].[AspNetUserRoles]"],"metadata":{"urn":"Server[@Name='LAPTOP-FT7LEQ3D\\LOCALDB#1D07BE82']/Database[@Name='SamsungWebDb']/Table[@Name='AspNetUserRoles' and @Schema='dbo']","object_type":"Table"}},{"outputs":[],"execution_count":0,"cell_type":"code","source":["/****** Object:  Table [dbo].[AspNetUserRoles]    Script Date: 04/17/2026 8:04:53 PM ******/\r\nSET ANSI_NULLS ON\r\n","GO\r\n","SET QUOTED_IDENTIFIER ON\r\n","GO\r\n","CREATE TABLE [dbo].[AspNetUserRoles](\r\n\t[UserId] [nvarchar](450) NOT NULL,\r\n\t[RoleId] [nvarchar](450) NOT NULL,\r\n CONSTRAINT [PK_AspNetUserRoles] PRIMARY KEY CLUSTERED \r\n(\r\n\t[UserId] ASC,\r\n\t[RoleId] ASC\r\n)WITH (PAD_INDEX = OFF, STATISTICS_NORECOMPUTE = OFF, IGNORE_DUP_KEY = OFF, ALLOW_ROW_LOCKS = ON, ALLOW_PAGE_LOCKS = ON, OPTIMIZE_FOR_SEQUENTIAL_KEY = OFF) ON [PRIMARY]\r\n) ON [PRIMARY]\r\nGO\r\n"],"metadata":{"urn":"Server[@Name='LAPTOP-FT7LEQ3D\\LOCALDB#1D07BE82']/Database[@Name='SamsungWebDb']/Table[@Name='AspNetUserRoles' and @Schema='dbo']","object_type":"Table"}},{"cell_type":"markdown","source":["# [dbo].[AspNetUsers]"],"metadata":{"urn":"Server[@Name='LAPTOP-FT7LEQ3D\\LOCALDB#1D07BE82']/Database[@Name='SamsungWebDb']/Table[@Name='AspNetUsers' and @Schema='dbo']","object_type":"Table"}},{"outputs":[],"execution_count":0,"cell_type":"code","source":["/****** Object:  Table [dbo].[AspNetUsers]    Script Date: 04/17/2026 8:04:53 PM ******/\r\nSET ANSI_NULLS ON\r\n","GO\r\n","SET QUOTED_IDENTIFIER ON\r\n","GO\r\n","CREATE TABLE [dbo].[AspNetUsers](\r\n\t[Id] [nvarchar](450) NOT NULL,\r\n\t[UserName] [nvarchar](256) NULL,\r\n\t[NormalizedUserName] [nvarchar](256) NULL,\r\n\t[Email] [nvarchar](256) NULL,\r\n\t[NormalizedEmail] [nvarchar](256) NULL,\r\n\t[EmailConfirmed] [bit] NOT NULL,\r\n\t[PasswordHash] [nvarchar](max) NULL,\r\n\t[SecurityStamp] [nvarchar](max) NULL,\r\n\t[ConcurrencyStamp] [nvarchar](max) NULL,\r\n\t[PhoneNumber] [nvarchar](max) NULL,\r\n\t[PhoneNumberConfirmed] [bit] NOT NULL,\r\n\t[TwoFactorEnabled] [bit] NOT NULL,\r\n\t[LockoutEnd] [datetimeoffset](7) NULL,\r\n\t[LockoutEnabled] [bit] NOT NULL,\r\n\t[AccessFailedCount] [int] NOT NULL,\r\n CONSTRAINT [PK_AspNetUsers] PRIMARY KEY CLUSTERED \r\n(\r\n\t[Id] ASC\r\n)WITH (PAD_INDEX = OFF, STATISTICS_NORECOMPUTE = OFF, IGNORE_DUP_KEY = OFF, ALLOW_ROW_LOCKS = ON, ALLOW_PAGE_LOCKS = ON, OPTIMIZE_FOR_SEQUENTIAL_KEY = OFF) ON [PRIMARY]\r\n) ON [PRIMARY] TEXTIMAGE_ON [PRIMARY]\r\nGO\r\n"],"metadata":{"urn":"Server[@Name='LAPTOP-FT7LEQ3D\\LOCALDB#1D07BE82']/Database[@Name='SamsungWebDb']/Table[@Name='AspNetUsers' and @Schema='dbo']","object_type":"Table"}},{"cell_type":"markdown","source":["# [dbo].[AspNetUserTokens]"],"metadata":{"urn":"Server[@Name='LAPTOP-FT7LEQ3D\\LOCALDB#1D07BE82']/Database[@Name='SamsungWebDb']/Table[@Name='AspNetUserTokens' and @Schema='dbo']","object_type":"Table"}},{"outputs":[],"execution_count":0,"cell_type":"code","source":["/****** Object:  Table [dbo].[AspNetUserTokens]    Script Date: 04/17/2026 8:04:53 PM ******/\r\nSET ANSI_NULLS ON\r\n","GO\r\n","SET QUOTED_IDENTIFIER ON\r\n","GO\r\n","CREATE TABLE [dbo].[AspNetUserTokens](\r\n\t[UserId] [nvarchar](450) NOT NULL,\r\n\t[LoginProvider] [nvarchar](450) NOT NULL,\r\n\t[Name] [nvarchar](450) NOT NULL,\r\n\t[Value] [nvarchar](max) NULL,\r\n CONSTRAINT [PK_AspNetUserTokens] PRIMARY KEY CLUSTERED \r\n(\r\n\t[UserId] ASC,\r\n\t[LoginProvider] ASC,\r\n\t[Name] ASC\r\n)WITH (PAD_INDEX = OFF, STATISTICS_NORECOMPUTE = OFF, IGNORE_DUP_KEY = OFF, ALLOW_ROW_LOCKS = ON, ALLOW_PAGE_LOCKS = ON, OPTIMIZE_FOR_SEQUENTIAL_KEY = OFF) ON [PRIMARY]\r\n) ON [PRIMARY] TEXTIMAGE_ON [PRIMARY]\r\nGO\r\n"],"metadata":{"urn":"Server[@Name='LAPTOP-FT7LEQ3D\\LOCALDB#1D07BE82']/Database[@Name='SamsungWebDb']/Table[@Name='AspNetUserTokens' and @Schema='dbo']","object_type":"Table"}},{"cell_type":"markdown","source":["# [dbo].[Categories]"],"metadata":{"urn":"Server[@Name='LAPTOP-FT7LEQ3D\\LOCALDB#1D07BE82']/Database[@Name='SamsungWebDb']/Table[@Name='Categories' and @Schema='dbo']","object_type":"Table"}},{"outputs":[],"execution_count":0,"cell_type":"code","source":["/****** Object:  Table [dbo].[Categories]    Script Date: 04/17/2026 8:04:53 PM ******/\r\nSET ANSI_NULLS ON\r\n","GO\r\n","SET QUOTED_IDENTIFIER ON\r\n","GO\r\n","CREATE TABLE [dbo].[Categories](\r\n\t[Id] [int] IDENTITY(1,1) NOT NULL,\r\n\t[Name] [nvarchar](100) NOT NULL,\r\n\t[ShowOnHeader] [bit] NOT NULL,\r\n\t[ParentCategoryId] [int] NULL,\r\n\t[ParentId] [int] NULL,\r\n CONSTRAINT [PK_Categories] PRIMARY KEY CLUSTERED \r\n(\r\n\t[Id] ASC\r\n)WITH (PAD_INDEX = OFF, STATISTICS_NORECOMPUTE = OFF, IGNORE_DUP_KEY = OFF, ALLOW_ROW_LOCKS = ON, ALLOW_PAGE_LOCKS = ON, OPTIMIZE_FOR_SEQUENTIAL_KEY = OFF) ON [PRIMARY]\r\n) ON [PRIMARY]\r\nGO\r\n"],"metadata":{"urn":"Server[@Name='LAPTOP-FT7LEQ3D\\LOCALDB#1D07BE82']/Database[@Name='SamsungWebDb']/Table[@Name='Categories' and @Schema='dbo']","object_type":"Table"}},{"cell_type":"markdown","source":["# [dbo].[OrderDetails]"],"metadata":{"urn":"Server[@Name='LAPTOP-FT7LEQ3D\\LOCALDB#1D07BE82']/Database[@Name='SamsungWebDb']/Table[@Name='OrderDetails' and @Schema='dbo']","object_type":"Table"}},{"outputs":[],"execution_count":0,"cell_type":"code","source":["/****** Object:  Table [dbo].[OrderDetails]    Script Date: 04/17/2026 8:04:53 PM ******/\r\nSET ANSI_NULLS ON\r\n","GO\r\n","SET QUOTED_IDENTIFIER ON\r\n","GO\r\n","CREATE TABLE [dbo].[OrderDetails](\r\n\t[Id] [int] IDENTITY(1,1) NOT NULL,\r\n\t[OrderId] [int] NOT NULL,\r\n\t[ProductId] [int] NOT NULL,\r\n\t[ProductName] [nvarchar](max) NOT NULL,\r\n\t[SelectedColor] [nvarchar](max) NULL,\r\n\t[SelectedCapacity] [nvarchar](max) NULL,\r\n\t[Quantity] [int] NOT NULL,\r\n\t[Price] [decimal](18, 2) NOT NULL,\r\n CONSTRAINT [PK_OrderDetails] PRIMARY KEY CLUSTERED \r\n(\r\n\t[Id] ASC\r\n)WITH (PAD_INDEX = OFF, STATISTICS_NORECOMPUTE = OFF, IGNORE_DUP_KEY = OFF, ALLOW_ROW_LOCKS = ON, ALLOW_PAGE_LOCKS = ON, OPTIMIZE_FOR_SEQUENTIAL_KEY = OFF) ON [PRIMARY]\r\n) ON [PRIMARY] TEXTIMAGE_ON [PRIMARY]\r\nGO\r\n"],"metadata":{"urn":"Server[@Name='LAPTOP-FT7LEQ3D\\LOCALDB#1D07BE82']/Database[@Name='SamsungWebDb']/Table[@Name='OrderDetails' and @Schema='dbo']","object_type":"Table"}},{"cell_type":"markdown","source":["# [dbo].[Orders]"],"metadata":{"urn":"Server[@Name='LAPTOP-FT7LEQ3D\\LOCALDB#1D07BE82']/Database[@Name='SamsungWebDb']/Table[@Name='Orders' and @Schema='dbo']","object_type":"Table"}},{"outputs":[],"execution_count":0,"cell_type":"code","source":["/****** Object:  Table [dbo].[Orders]    Script Date: 04/17/2026 8:04:53 PM ******/\r\nSET ANSI_NULLS ON\r\n","GO\r\n","SET QUOTED_IDENTIFIER ON\r\n","GO\r\n","CREATE TABLE [dbo].[Orders](\r\n\t[Id] [int] IDENTITY(1,1) NOT NULL,\r\n\t[CustomerName] [nvarchar](max) NOT NULL,\r\n\t[PhoneNumber] [nvarchar](max) NOT NULL,\r\n\t[Address] [nvarchar](max) NOT NULL,\r\n\t[Note] [nvarchar](max) NULL,\r\n\t[OrderDate] [datetime2](7) NOT NULL,\r\n\t[TotalAmount] [decimal](18, 2) NOT NULL,\r\n\t[Status] [nvarchar](max) NOT NULL,\r\n\t[Email] [nvarchar](max) NOT NULL,\r\n CONSTRAINT [PK_Orders] PRIMARY KEY CLUSTERED \r\n(\r\n\t[Id] ASC\r\n)WITH (PAD_INDEX = OFF, STATISTICS_NORECOMPUTE = OFF, IGNORE_DUP_KEY = OFF, ALLOW_ROW_LOCKS = ON, ALLOW_PAGE_LOCKS = ON, OPTIMIZE_FOR_SEQUENTIAL_KEY = OFF) ON [PRIMARY]\r\n) ON [PRIMARY] TEXTIMAGE_ON [PRIMARY]\r\nGO\r\n"],"metadata":{"urn":"Server[@Name='LAPTOP-FT7LEQ3D\\LOCALDB#1D07BE82']/Database[@Name='SamsungWebDb']/Table[@Name='Orders' and @Schema='dbo']","object_type":"Table"}},{"cell_type":"markdown","source":["# [dbo].[ProductCapacity]"],"metadata":{"urn":"Server[@Name='LAPTOP-FT7LEQ3D\\LOCALDB#1D07BE82']/Database[@Name='SamsungWebDb']/Table[@Name='ProductCapacity' and @Schema='dbo']","object_type":"Table"}},{"outputs":[],"execution_count":0,"cell_type":"code","source":["/****** Object:  Table [dbo].[ProductCapacity]    Script Date: 04/17/2026 8:04:53 PM ******/\r\nSET ANSI_NULLS ON\r\n","GO\r\n","SET QUOTED_IDENTIFIER ON\r\n","GO\r\n","CREATE TABLE [dbo].[ProductCapacity](\r\n\t[Id] [int] IDENTITY(1,1) NOT NULL,\r\n\t[ProductId] [int] NOT NULL,\r\n\t[Capacity] [nvarchar](max) NOT NULL,\r\n\t[PriceIncrement] [decimal](18, 2) NOT NULL,\r\n CONSTRAINT [PK_ProductCapacity] PRIMARY KEY CLUSTERED \r\n(\r\n\t[Id] ASC\r\n)WITH (PAD_INDEX = OFF, STATISTICS_NORECOMPUTE = OFF, IGNORE_DUP_KEY = OFF, ALLOW_ROW_LOCKS = ON, ALLOW_PAGE_LOCKS = ON, OPTIMIZE_FOR_SEQUENTIAL_KEY = OFF) ON [PRIMARY]\r\n) ON [PRIMARY] TEXTIMAGE_ON [PRIMARY]\r\nGO\r\n"],"metadata":{"urn":"Server[@Name='LAPTOP-FT7LEQ3D\\LOCALDB#1D07BE82']/Database[@Name='SamsungWebDb']/Table[@Name='ProductCapacity' and @Schema='dbo']","object_type":"Table"}},{"cell_type":"markdown","source":["# [dbo].[ProductColor]"],"metadata":{"urn":"Server[@Name='LAPTOP-FT7LEQ3D\\LOCALDB#1D07BE82']/Database[@Name='SamsungWebDb']/Table[@Name='ProductColor' and @Schema='dbo']","object_type":"Table"}},{"outputs":[],"execution_count":0,"cell_type":"code","source":["/****** Object:  Table [dbo].[ProductColor]    Script Date: 04/17/2026 8:04:53 PM ******/\r\nSET ANSI_NULLS ON\r\n","GO\r\n","SET QUOTED_IDENTIFIER ON\r\n","GO\r\n","CREATE TABLE [dbo].[ProductColor](\r\n\t[Id] [int] IDENTITY(1,1) NOT NULL,\r\n\t[ProductId] [int] NOT NULL,\r\n\t[ColorName] [nvarchar](max) NOT NULL,\r\n\t[ColorHex] [nvarchar](max) NOT NULL,\r\n\t[ImageUrl] [nvarchar](max) NULL,\r\n CONSTRAINT [PK_ProductColor] PRIMARY KEY CLUSTERED \r\n(\r\n\t[Id] ASC\r\n)WITH (PAD_INDEX = OFF, STATISTICS_NORECOMPUTE = OFF, IGNORE_DUP_KEY = OFF, ALLOW_ROW_LOCKS = ON, ALLOW_PAGE_LOCKS = ON, OPTIMIZE_FOR_SEQUENTIAL_KEY = OFF) ON [PRIMARY]\r\n) ON [PRIMARY] TEXTIMAGE_ON [PRIMARY]\r\nGO\r\n"],"metadata":{"urn":"Server[@Name='LAPTOP-FT7LEQ3D\\LOCALDB#1D07BE82']/Database[@Name='SamsungWebDb']/Table[@Name='ProductColor' and @Schema='dbo']","object_type":"Table"}},{"cell_type":"markdown","source":["# [dbo].[Products]"],"metadata":{"urn":"Server[@Name='LAPTOP-FT7LEQ3D\\LOCALDB#1D07BE82']/Database[@Name='SamsungWebDb']/Table[@Name='Products' and @Schema='dbo']","object_type":"Table"}},{"outputs":[],"execution_count":0,"cell_type":"code","source":["/****** Object:  Table [dbo].[Products]    Script Date: 04/17/2026 8:04:53 PM ******/\r\nSET ANSI_NULLS ON\r\n","GO\r\n","SET QUOTED_IDENTIFIER ON\r\n","GO\r\n","CREATE TABLE [dbo].[Products](\r\n\t[Id] [int] IDENTITY(1,1) NOT NULL,\r\n\t[Name] [nvarchar](200) NOT NULL,\r\n\t[Price] [decimal](18, 2) NOT NULL,\r\n\t[ImageUrl] [nvarchar](max) NULL,\r\n\t[CategoryId] [int] NOT NULL,\r\n\t[Battery] [nvarchar](max) NULL,\r\n\t[CameraInfo] [nvarchar](max) NULL,\r\n\t[Chipset] [nvarchar](max) NULL,\r\n\t[ScreenSize] [nvarchar](max) NULL,\r\n CONSTRAINT [PK_Products] PRIMARY KEY CLUSTERED \r\n(\r\n\t[Id] ASC\r\n)WITH (PAD_INDEX = OFF, STATISTICS_NORECOMPUTE = OFF, IGNORE_DUP_KEY = OFF, ALLOW_ROW_LOCKS = ON, ALLOW_PAGE_LOCKS = ON, OPTIMIZE_FOR_SEQUENTIAL_KEY = OFF) ON [PRIMARY]\r\n) ON [PRIMARY] TEXTIMAGE_ON [PRIMARY]\r\nGO\r\n"],"metadata":{"urn":"Server[@Name='LAPTOP-FT7LEQ3D\\LOCALDB#1D07BE82']/Database[@Name='SamsungWebDb']/Table[@Name='Products' and @Schema='dbo']","object_type":"Table"}},{"cell_type":"markdown","source":["# [dbo].[__EFMigrationsHistory]"],"metadata":{"urn":"Server[@Name='LAPTOP-FT7LEQ3D\\LOCALDB#1D07BE82']/Database[@Name='SamsungWebDb']/Table[@Name='__EFMigrationsHistory' and @Schema='dbo']","object_type":"Table"}},{"outputs":[],"execution_count":0,"cell_type":"code","source":["INSERT [dbo].[__EFMigrationsHistory] ([MigrationId], [ProductVersion]) VALUES (N'20260407013734_InitialCreate', N'10.0.5')\r\n","INSERT [dbo].[__EFMigrationsHistory] ([MigrationId], [ProductVersion]) VALUES (N'20260407073800_AddIdentityTables', N'10.0.5')\r\n","INSERT [dbo].[__EFMigrationsHistory] ([MigrationId], [ProductVersion]) VALUES (N'20260410183227_UpdateCategoryShowOnHeader', N'10.0.5')\r\n","INSERT [dbo].[__EFMigrationsHistory] ([MigrationId], [ProductVersion]) VALUES (N'20260414075706_AddProductSpecs', N'10.0.5')\r\n","INSERT [dbo].[__EFMigrationsHistory] ([MigrationId], [ProductVersion]) VALUES (N'20260414160759_AddProductOptions', N'10.0.5')\r\n","INSERT [dbo].[__EFMigrationsHistory] ([MigrationId], [ProductVersion]) VALUES (N'20260417023543_AddOrderTables', N'10.0.5')\r\n","INSERT [dbo].[__EFMigrationsHistory] ([MigrationId], [ProductVersion]) VALUES (N'20260417034206_AddEmailToOrder', N'10.0.5')\r\n","INSERT [dbo].[__EFMigrationsHistory] ([MigrationId], [ProductVersion]) VALUES (N'20260417082218_AddSubCategories', N'10.0.5')\r\n","GO\r\n"],"metadata":{"urn":"Server[@Name='LAPTOP-FT7LEQ3D\\LOCALDB#1D07BE82']/Database[@Name='SamsungWebDb']/Table[@Name='__EFMigrationsHistory' and @Schema='dbo']","object_type":"Table"}},{"cell_type":"markdown","source":["# [dbo].[AspNetRoles]"],"metadata":{"urn":"Server[@Name='LAPTOP-FT7LEQ3D\\LOCALDB#1D07BE82']/Database[@Name='SamsungWebDb']/Table[@Name='AspNetRoles' and @Schema='dbo']","object_type":"Table"}},{"outputs":[],"execution_count":0,"cell_type":"code","source":["INSERT [dbo].[AspNetRoles] ([Id], [Name], [NormalizedName], [ConcurrencyStamp]) VALUES (N'41b6895c-cfe0-45f8-8323-7b17f2af7051', N'Admin', N'ADMIN', N'b102bdff-9c82-4c13-8af3-e8d6928494dc')\r\n","GO\r\n"],"metadata":{"urn":"Server[@Name='LAPTOP-FT7LEQ3D\\LOCALDB#1D07BE82']/Database[@Name='SamsungWebDb']/Table[@Name='AspNetRoles' and @Schema='dbo']","object_type":"Table"}},{"cell_type":"markdown","source":["# [dbo].[AspNetUserRoles]"],"metadata":{"urn":"Server[@Name='LAPTOP-FT7LEQ3D\\LOCALDB#1D07BE82']/Database[@Name='SamsungWebDb']/Table[@Name='AspNetUserRoles' and @Schema='dbo']","object_type":"Table"}},{"outputs":[],"execution_count":0,"cell_type":"code","source":["INSERT [dbo].[AspNetUserRoles] ([UserId], [RoleId]) VALUES (N'353fb198-4c02-4e58-8879-d9b958dad16d', N'41b6895c-cfe0-45f8-8323-7b17f2af7051')\r\n","INSERT [dbo].[AspNetUserRoles] ([UserId], [RoleId]) VALUES (N'956e0d92-5711-4476-8a99-32cb895d6847', N'41b6895c-cfe0-45f8-8323-7b17f2af7051')\r\n","INSERT [dbo].[AspNetUserRoles] ([UserId], [RoleId]) VALUES (N'eb41dff9-7862-42f6-82c6-476b69175e78', N'41b6895c-cfe0-45f8-8323-7b17f2af7051')\r\n","GO\r\n"],"metadata":{"urn":"Server[@Name='LAPTOP-FT7LEQ3D\\LOCALDB#1D07BE82']/Database[@Name='SamsungWebDb']/Table[@Name='AspNetUserRoles' and @Schema='dbo']","object_type":"Table"}},{"cell_type":"markdown","source":["# [dbo].[AspNetUsers]"],"metadata":{"urn":"Server[@Name='LAPTOP-FT7LEQ3D\\LOCALDB#1D07BE82']/Database[@Name='SamsungWebDb']/Table[@Name='AspNetUsers' and @Schema='dbo']","object_type":"Table"}},{"outputs":[],"execution_count":0,"cell_type":"code","source":["INSERT [dbo].[AspNetUsers] ([Id], [UserName], [NormalizedUserName], [Email], [NormalizedEmail], [EmailConfirmed], [PasswordHash], [SecurityStamp], [ConcurrencyStamp], [PhoneNumber], [PhoneNumberConfirmed], [TwoFactorEnabled], [LockoutEnd], [LockoutEnabled], [AccessFailedCount]) VALUES (N'353fb198-4c02-4e58-8879-d9b958dad16d', N'trinhnhan221006@gmail.com', N'TRINHNHAN221006@GMAIL.COM', N'trinhnhan221006@gmail.com', N'TRINHNHAN221006@GMAIL.COM', 0, N'AQAAAAIAAYagAAAAELSlKLSUJctWUAI06UR3JThGgPRiIg+1kQClDGG4tYYLJjX4e/bXmxlP2ZaiR09+fA==', N'PPF7KRESFUSWYIXDXXUNTW4F5BAFYF44', N'90bcda23-bc40-4509-9374-bceac7a4b610', NULL, 0, 0, NULL, 1, 0)\r\n","INSERT [dbo].[AspNetUsers] ([Id], [UserName], [NormalizedUserName], [Email], [NormalizedEmail], [EmailConfirmed], [PasswordHash], [SecurityStamp], [ConcurrencyStamp], [PhoneNumber], [PhoneNumberConfirmed], [TwoFactorEnabled], [LockoutEnd], [LockoutEnabled], [AccessFailedCount]) VALUES (N'956e0d92-5711-4476-8a99-32cb895d6847', N'nhanvien@gmail.com', N'NHANVIEN@GMAIL.COM', N'nhanvien@gmail.com', N'NHANVIEN@GMAIL.COM', 0, N'AQAAAAIAAYagAAAAEGIES7NKfDVo73FpsBLigZbk7jr+9l7OZUH9gwXbvY8lRbpQpFlyXoeu3abceSvyjg==', N'NFV63XR2H4VPJUZ4XW53SXGLAEEN3G33', N'c461c32f-4905-482a-8875-ef472fc4f852', NULL, 0, 0, NULL, 1, 0)\r\n","INSERT [dbo].[AspNetUsers] ([Id], [UserName], [NormalizedUserName], [Email], [NormalizedEmail], [EmailConfirmed], [PasswordHash], [SecurityStamp], [ConcurrencyStamp], [PhoneNumber], [PhoneNumberConfirmed], [TwoFactorEnabled], [LockoutEnd], [LockoutEnabled], [AccessFailedCount]) VALUES (N'eb41dff9-7862-42f6-82c6-476b69175e78', N'truongthivui2020@gmail.com', N'TRUONGTHIVUI2020@GMAIL.COM', N'truongthivui2020@gmail.com', N'TRUONGTHIVUI2020@GMAIL.COM', 0, N'AQAAAAIAAYagAAAAEOcuTT7FB46dkhAqMMuNMHKQaO1fG78oBYVE/4PinAIcnNYAvJac4Y2lKbheQJHJCA==', N'KPSKGT7GVMQHZGDDTXS32W2YQZKOYIAI', N'2ea31f38-c086-4e20-b48d-fe5a4410087d', NULL, 0, 0, NULL, 1, 0)\r\n","GO\r\n"],"metadata":{"urn":"Server[@Name='LAPTOP-FT7LEQ3D\\LOCALDB#1D07BE82']/Database[@Name='SamsungWebDb']/Table[@Name='AspNetUsers' and @Schema='dbo']","object_type":"Table"}},{"cell_type":"markdown","source":["# [dbo].[Categories]"],"metadata":{"urn":"Server[@Name='LAPTOP-FT7LEQ3D\\LOCALDB#1D07BE82']/Database[@Name='SamsungWebDb']/Table[@Name='Categories' and @Schema='dbo']","object_type":"Table"}},{"outputs":[],"execution_count":0,"cell_type":"code","source":["SET IDENTITY_INSERT [dbo].[Categories] ON \r\n","INSERT [dbo].[Categories] ([Id], [Name], [ShowOnHeader], [ParentCategoryId], [ParentId]) VALUES (3, N'Di động', 0, NULL, NULL)\r\n","INSERT [dbo].[Categories] ([Id], [Name], [ShowOnHeader], [ParentCategoryId], [ParentId]) VALUES (4, N'TV & AV', 0, NULL, NULL)\r\n","INSERT [dbo].[Categories] ([Id], [Name], [ShowOnHeader], [ParentCategoryId], [ParentId]) VALUES (5, N'Gia Dụng', 0, NULL, NULL)\r\n","INSERT [dbo].[Categories] ([Id], [Name], [ShowOnHeader], [ParentCategoryId], [ParentId]) VALUES (6, N'Màn hình và thiết bị lưu trữ', 0, NULL, NULL)\r\n","INSERT [dbo].[Categories] ([Id], [Name], [ShowOnHeader], [ParentCategoryId], [ParentId]) VALUES (7, N'Thiết bị đeo', 0, NULL, NULL)\r\n","INSERT [dbo].[Categories] ([Id], [Name], [ShowOnHeader], [ParentCategoryId], [ParentId]) VALUES (8, N'Phụ kiện', 0, NULL, NULL)\r\n","INSERT [dbo].[Categories] ([Id], [Name], [ShowOnHeader], [ParentCategoryId], [ParentId]) VALUES (10, N'Galaxy S', 0, NULL, 3)\r\n","SET IDENTITY_INSERT [dbo].[Categories] OFF\r\n","GO\r\n"],"metadata":{"urn":"Server[@Name='LAPTOP-FT7LEQ3D\\LOCALDB#1D07BE82']/Database[@Name='SamsungWebDb']/Table[@Name='Categories' and @Schema='dbo']","object_type":"Table"}},{"cell_type":"markdown","source":["# [dbo].[OrderDetails]"],"metadata":{"urn":"Server[@Name='LAPTOP-FT7LEQ3D\\LOCALDB#1D07BE82']/Database[@Name='SamsungWebDb']/Table[@Name='OrderDetails' and @Schema='dbo']","object_type":"Table"}},{"outputs":[],"execution_count":0,"cell_type":"code","source":["SET IDENTITY_INSERT [dbo].[OrderDetails] ON \r\n","INSERT [dbo].[OrderDetails] ([Id], [OrderId], [ProductId], [ProductName], [SelectedColor], [SelectedCapacity], [Quantity], [Price]) VALUES (1, 1, 10, N'Galaxy S26 Utra', N'Tím Titanium', N'1TB', 1, CAST(51090000.00 AS Decimal(18, 2)))\r\n","INSERT [dbo].[OrderDetails] ([Id], [OrderId], [ProductId], [ProductName], [SelectedColor], [SelectedCapacity], [Quantity], [Price]) VALUES (2, 2, 10, N'Galaxy S26 Utra', N'Tím Titanium', N'256GB', 1, CAST(42000000.00 AS Decimal(18, 2)))\r\n","INSERT [dbo].[OrderDetails] ([Id], [OrderId], [ProductId], [ProductName], [SelectedColor], [SelectedCapacity], [Quantity], [Price]) VALUES (3, 3, 10, N'Galaxy S26 Utra', N'Tím Titanium', N'256GB', 1, CAST(42000000.00 AS Decimal(18, 2)))\r\n","INSERT [dbo].[OrderDetails] ([Id], [OrderId], [ProductId], [ProductName], [SelectedColor], [SelectedCapacity], [Quantity], [Price]) VALUES (4, 4, 10, N'Galaxy S26 Utra', N'Tím Titanium', N'256GB', 1, CAST(42000000.00 AS Decimal(18, 2)))\r\n","INSERT [dbo].[OrderDetails] ([Id], [OrderId], [ProductId], [ProductName], [SelectedColor], [SelectedCapacity], [Quantity], [Price]) VALUES (5, 5, 10, N'Galaxy S26 Utra', N'Tím Titanium', N'1TB', 1, CAST(51090000.00 AS Decimal(18, 2)))\r\n","SET IDENTITY_INSERT [dbo].[OrderDetails] OFF\r\n","GO\r\n"],"metadata":{"urn":"Server[@Name='LAPTOP-FT7LEQ3D\\LOCALDB#1D07BE82']/Database[@Name='SamsungWebDb']/Table[@Name='OrderDetails' and @Schema='dbo']","object_type":"Table"}},{"cell_type":"markdown","source":["# [dbo].[Orders]"],"metadata":{"urn":"Server[@Name='LAPTOP-FT7LEQ3D\\LOCALDB#1D07BE82']/Database[@Name='SamsungWebDb']/Table[@Name='Orders' and @Schema='dbo']","object_type":"Table"}},{"outputs":[],"execution_count":0,"cell_type":"code","source":["SET IDENTITY_INSERT [dbo].[Orders] ON \r\n","INSERT [dbo].[Orders] ([Id], [CustomerName], [PhoneNumber], [Address], [Note], [OrderDate], [TotalAmount], [Status], [Email]) VALUES (1, N'TRỊNH PHÚC NHẪN', N'0827942418', N'số 41f, Đường Mạc Thiên Tích, Phường Xuân Khánh, Quận Ninh Kiều, Cần Thơ', NULL, CAST(N'2026-04-17T09:45:31.3205392' AS DateTime2), CAST(51090000.00 AS Decimal(18, 2)), N'Đang xử lý', N'')\r\n","INSERT [dbo].[Orders] ([Id], [CustomerName], [PhoneNumber], [Address], [Note], [OrderDate], [TotalAmount], [Status], [Email]) VALUES (2, N'TRỊNH PHÚC NHẪN', N'0827942418', N'số 41f, Đường Mạc Thiên Tích, Phường Xuân Khánh, Quận Ninh Kiều, Cần Thơ', NULL, CAST(N'2026-04-17T14:36:35.9765302' AS DateTime2), CAST(42000000.00 AS Decimal(18, 2)), N'Đang xử lý', N'trinhnhan221006@gmail.com')\r\n","INSERT [dbo].[Orders] ([Id], [CustomerName], [PhoneNumber], [Address], [Note], [OrderDate], [TotalAmount], [Status], [Email]) VALUES (3, N'TRỊNH PHÚC NHẪN', N'0827942418', N'số 41f, Đường Mạc Thiên Tích, Phường Xuân Khánh, Quận Ninh Kiều, Cần Thơ', NULL, CAST(N'2026-04-17T14:37:01.7062868' AS DateTime2), CAST(42000000.00 AS Decimal(18, 2)), N'Đang xử lý', N'trinhnhan221006@gmail.com')\r\n","INSERT [dbo].[Orders] ([Id], [CustomerName], [PhoneNumber], [Address], [Note], [OrderDate], [TotalAmount], [Status], [Email]) VALUES (4, N'TRỊNH PHÚC NHẪN', N'0827942418', N'số 41f, Đường Mạc Thiên Tích, Phường Xuân Khánh, Quận Ninh Kiều, Cần Thơ', NULL, CAST(N'2026-04-17T14:47:22.0332154' AS DateTime2), CAST(42000000.00 AS Decimal(18, 2)), N'Đang xử lý', N'trinhnhan221006@gmail.com')\r\n","INSERT [dbo].[Orders] ([Id], [CustomerName], [PhoneNumber], [Address], [Note], [OrderDate], [TotalAmount], [Status], [Email]) VALUES (5, N'TRỊNH PHÚC NHẪN', N'0827942418', N'số 41f, Đường Mạc Thiên Tích, Phường Xuân Khánh, Quận Ninh Kiều, Cần Thơ', NULL, CAST(N'2026-04-17T14:50:36.2192859' AS DateTime2), CAST(51090000.00 AS Decimal(18, 2)), N'Đang xử lý', N'truongthivui2020@gmail.com')\r\n","SET IDENTITY_INSERT [dbo].[Orders] OFF\r\n","GO\r\n"],"metadata":{"urn":"Server[@Name='LAPTOP-FT7LEQ3D\\LOCALDB#1D07BE82']/Database[@Name='SamsungWebDb']/Table[@Name='Orders' and @Schema='dbo']","object_type":"Table"}},{"cell_type":"markdown","source":["# [dbo].[Products]"],"metadata":{"urn":"Server[@Name='LAPTOP-FT7LEQ3D\\LOCALDB#1D07BE82']/Database[@Name='SamsungWebDb']/Table[@Name='Products' and @Schema='dbo']","object_type":"Table"}},{"outputs":[],"execution_count":0,"cell_type":"code","source":["SET IDENTITY_INSERT [dbo].[Products] ON \r\n","INSERT [dbo].[Products] ([Id], [Name], [Price], [ImageUrl], [CategoryId], [Battery], [CameraInfo], [Chipset], [ScreenSize]) VALUES (10, N'Galaxy S26 Utra', CAST(42000000.00 AS Decimal(18, 2)), N'0e8148d8-bb44-4907-8ad6-95f8bc7b7e78_vn-galaxy-s26-ultra-s948-sm-s948bzvcxxv-thumb-550804756.webp', 3, NULL, N'Camera 200MP', NULL, NULL)\r\n","INSERT [dbo].[Products] ([Id], [Name], [Price], [ImageUrl], [CategoryId], [Battery], [CameraInfo], [Chipset], [ScreenSize]) VALUES (11, N'Galaxy S26 +', CAST(35990000.00 AS Decimal(18, 2)), N'c8ac88a4-7b73-4bc6-9e20-4aee4fd8d14a_galaxy s26 +.webp', 3, NULL, NULL, NULL, NULL)\r\n","INSERT [dbo].[Products] ([Id], [Name], [Price], [ImageUrl], [CategoryId], [Battery], [CameraInfo], [Chipset], [ScreenSize]) VALUES (12, N'Galaxy S26', CAST(31990000.00 AS Decimal(18, 2)), N'676245fb-0cb7-4e62-9abd-d258cb526a00_galaxy s26.webp', 3, NULL, NULL, NULL, NULL)\r\n","INSERT [dbo].[Products] ([Id], [Name], [Price], [ImageUrl], [CategoryId], [Battery], [CameraInfo], [Chipset], [ScreenSize]) VALUES (13, N'Galaxy S25 Edge', CAST(20993900.00 AS Decimal(18, 2)), N'c31e647b-28f2-4538-9609-48f46b76109f_galaxy s25 edge.webp', 3, NULL, NULL, NULL, NULL)\r\n","INSERT [dbo].[Products] ([Id], [Name], [Price], [ImageUrl], [CategoryId], [Battery], [CameraInfo], [Chipset], [ScreenSize]) VALUES (14, N'Galaxy S25', CAST(15689000.00 AS Decimal(18, 2)), N'6d37624f-3efe-4d64-a135-3da57d84b108_galaxy s25 fe.avif', 3, NULL, NULL, NULL, NULL)\r\n","INSERT [dbo].[Products] ([Id], [Name], [Price], [ImageUrl], [CategoryId], [Battery], [CameraInfo], [Chipset], [ScreenSize]) VALUES (15, N'Galaxy S25 Utra', CAST(36808363.00 AS Decimal(18, 2)), N'6156b1d9-e658-40b1-9a61-3c8f58fe34f1_galaxy s25 utra.webp', 3, NULL, NULL, NULL, NULL)\r\n","INSERT [dbo].[Products] ([Id], [Name], [Price], [ImageUrl], [CategoryId], [Battery], [CameraInfo], [Chipset], [ScreenSize]) VALUES (16, N'55 Inch Neo QLED QN70F 4K Samsung Vision AI Smart TV', CAST(72900000.00 AS Decimal(18, 2)), N'53d0fc51-b80d-4a5f-acf1-f0efb7f56110_55 Inch Neo QLED QN70F 4K Samsung Vision AI Smart TV.avif', 4, NULL, NULL, NULL, NULL)\r\n","INSERT [dbo].[Products] ([Id], [Name], [Price], [ImageUrl], [CategoryId], [Battery], [CameraInfo], [Chipset], [ScreenSize]) VALUES (17, N'115 Inch Neo QLED QN90F 4K Samsung Vision AI Smart TV (2025)', CAST(299000000.00 AS Decimal(18, 2)), N'27e43676-9492-46ea-8305-78fff536c4cc_65 Inch Neo QLED QN90F 4K Samsung Vision AI Smart TV (2025).avif', 4, NULL, NULL, NULL, NULL)\r\n","INSERT [dbo].[Products] ([Id], [Name], [Price], [ImageUrl], [CategoryId], [Battery], [CameraInfo], [Chipset], [ScreenSize]) VALUES (18, N'85 Inch Neo QLED QN80H 4K Samsung Vision AI Smart TV (2026)', CAST(72900000.00 AS Decimal(18, 2)), N'307e99f5-3ebf-47e6-a56c-7f6e29db5fd1_85 Inch Neo QLED QN80H 4K Samsung Vision AI Smart TV (2026).avif', 4, NULL, NULL, NULL, NULL)\r\n","INSERT [dbo].[Products] ([Id], [Name], [Price], [ImageUrl], [CategoryId], [Battery], [CameraInfo], [Chipset], [ScreenSize]) VALUES (19, N'85 Inch Neo QLED QN950F 8K Samsung Vision AI Smart TV (2025)', CAST(195690000.00 AS Decimal(18, 2)), N'456a92e5-e05b-4d68-872c-1ba68f3b732f_85 Inch Neo QLED QN950F 8K Samsung Vision AI Smart TV (2025).avif', 4, NULL, NULL, NULL, NULL)\r\n","INSERT [dbo].[Products] ([Id], [Name], [Price], [ImageUrl], [CategoryId], [Battery], [CameraInfo], [Chipset], [ScreenSize]) VALUES (20, N'65 Inch Neo QLED QN90F 4K Samsung Vision AI Smart TV (2025)', CAST(42190000.00 AS Decimal(18, 2)), N'6b0233be-4779-4b53-b018-250b6bed015f_115 Inch Neo QLED QN90F 4K Samsung Vision AI Smart TV (2025).avif', 4, NULL, NULL, NULL, NULL)\r\n","SET IDENTITY_INSERT [dbo].[Products] OFF\r\n","GO\r\n"],"metadata":{"urn":"Server[@Name='LAPTOP-FT7LEQ3D\\LOCALDB#1D07BE82']/Database[@Name='SamsungWebDb']/Table[@Name='Products' and @Schema='dbo']","object_type":"Table"}},{"cell_type":"markdown","source":["# [DF__Categorie__ShowO__5AEE82B9]"],"metadata":{"urn":"Server[@Name='LAPTOP-FT7LEQ3D\\LOCALDB#1D07BE82']/Database[@Name='SamsungWebDb']/Table[@Name='Categories' and @Schema='dbo']/Column[@Name='ShowOnHeader']/Default[@Name='DF__Categorie__ShowO__5AEE82B9']","object_type":"Default"}},{"outputs":[],"execution_count":0,"cell_type":"code","source":["ALTER TABLE [dbo].[Categories] ADD  DEFAULT (CONVERT([bit],(0))) FOR [ShowOnHeader]\r\n","GO\r\n"],"metadata":{"urn":"Server[@Name='LAPTOP-FT7LEQ3D\\LOCALDB#1D07BE82']/Database[@Name='SamsungWebDb']/Table[@Name='Categories' and @Schema='dbo']/Column[@Name='ShowOnHeader']/Default[@Name='DF__Categorie__ShowO__5AEE82B9']","object_type":"Default"}},{"cell_type":"markdown","source":["# [DF__Orders__Email__14270015]"],"metadata":{"urn":"Server[@Name='LAPTOP-FT7LEQ3D\\LOCALDB#1D07BE82']/Database[@Name='SamsungWebDb']/Table[@Name='Orders' and @Schema='dbo']/Column[@Name='Email']/Default[@Name='DF__Orders__Email__14270015']","object_type":"Default"}},{"outputs":[],"execution_count":0,"cell_type":"code","source":["ALTER TABLE [dbo].[Orders] ADD  DEFAULT (N'') FOR [Email]\r\n","GO\r\n"],"metadata":{"urn":"Server[@Name='LAPTOP-FT7LEQ3D\\LOCALDB#1D07BE82']/Database[@Name='SamsungWebDb']/Table[@Name='Orders' and @Schema='dbo']/Column[@Name='Email']/Default[@Name='DF__Orders__Email__14270015']","object_type":"Default"}},{"cell_type":"markdown","source":["# [FK_AspNetRoleClaims_AspNetRoles_RoleId]"],"metadata":{"urn":"Server[@Name='LAPTOP-FT7LEQ3D\\LOCALDB#1D07BE82']/Database[@Name='SamsungWebDb']/Table[@Name='AspNetRoleClaims' and @Schema='dbo']/ForeignKey[@Name='FK_AspNetRoleClaims_AspNetRoles_RoleId']","object_type":"ForeignKey"}},{"outputs":[],"execution_count":0,"cell_type":"code","source":["ALTER TABLE [dbo].[AspNetRoleClaims]  WITH CHECK ADD  CONSTRAINT [FK_AspNetRoleClaims_AspNetRoles_RoleId] FOREIGN KEY([RoleId])\r\nREFERENCES [dbo].[AspNetRoles] ([Id])\r\nON DELETE CASCADE\r\n","GO\r\n","ALTER TABLE [dbo].[AspNetRoleClaims] CHECK CONSTRAINT [FK_AspNetRoleClaims_AspNetRoles_RoleId]\r\n","GO\r\n"],"metadata":{"urn":"Server[@Name='LAPTOP-FT7LEQ3D\\LOCALDB#1D07BE82']/Database[@Name='SamsungWebDb']/Table[@Name='AspNetRoleClaims' and @Schema='dbo']/ForeignKey[@Name='FK_AspNetRoleClaims_AspNetRoles_RoleId']","object_type":"ForeignKey"}},{"cell_type":"markdown","source":["# [FK_AspNetUserClaims_AspNetUsers_UserId]"],"metadata":{"urn":"Server[@Name='LAPTOP-FT7LEQ3D\\LOCALDB#1D07BE82']/Database[@Name='SamsungWebDb']/Table[@Name='AspNetUserClaims' and @Schema='dbo']/ForeignKey[@Name='FK_AspNetUserClaims_AspNetUsers_UserId']","object_type":"ForeignKey"}},{"outputs":[],"execution_count":0,"cell_type":"code","source":["ALTER TABLE [dbo].[AspNetUserClaims]  WITH CHECK ADD  CONSTRAINT [FK_AspNetUserClaims_AspNetUsers_UserId] FOREIGN KEY([UserId])\r\nREFERENCES [dbo].[AspNetUsers] ([Id])\r\nON DELETE CASCADE\r\n","GO\r\n","ALTER TABLE [dbo].[AspNetUserClaims] CHECK CONSTRAINT [FK_AspNetUserClaims_AspNetUsers_UserId]\r\n","GO\r\n"],"metadata":{"urn":"Server[@Name='LAPTOP-FT7LEQ3D\\LOCALDB#1D07BE82']/Database[@Name='SamsungWebDb']/Table[@Name='AspNetUserClaims' and @Schema='dbo']/ForeignKey[@Name='FK_AspNetUserClaims_AspNetUsers_UserId']","object_type":"ForeignKey"}},{"cell_type":"markdown","source":["# [FK_AspNetUserLogins_AspNetUsers_UserId]"],"metadata":{"urn":"Server[@Name='LAPTOP-FT7LEQ3D\\LOCALDB#1D07BE82']/Database[@Name='SamsungWebDb']/Table[@Name='AspNetUserLogins' and @Schema='dbo']/ForeignKey[@Name='FK_AspNetUserLogins_AspNetUsers_UserId']","object_type":"ForeignKey"}},{"outputs":[],"execution_count":0,"cell_type":"code","source":["ALTER TABLE [dbo].[AspNetUserLogins]  WITH CHECK ADD  CONSTRAINT [FK_AspNetUserLogins_AspNetUsers_UserId] FOREIGN KEY([UserId])\r\nREFERENCES [dbo].[AspNetUsers] ([Id])\r\nON DELETE CASCADE\r\n","GO\r\n","ALTER TABLE [dbo].[AspNetUserLogins] CHECK CONSTRAINT [FK_AspNetUserLogins_AspNetUsers_UserId]\r\n","GO\r\n"],"metadata":{"urn":"Server[@Name='LAPTOP-FT7LEQ3D\\LOCALDB#1D07BE82']/Database[@Name='SamsungWebDb']/Table[@Name='AspNetUserLogins' and @Schema='dbo']/ForeignKey[@Name='FK_AspNetUserLogins_AspNetUsers_UserId']","object_type":"ForeignKey"}},{"cell_type":"markdown","source":["# [FK_AspNetUserRoles_AspNetRoles_RoleId]"],"metadata":{"urn":"Server[@Name='LAPTOP-FT7LEQ3D\\LOCALDB#1D07BE82']/Database[@Name='SamsungWebDb']/Table[@Name='AspNetUserRoles' and @Schema='dbo']/ForeignKey[@Name='FK_AspNetUserRoles_AspNetRoles_RoleId']","object_type":"ForeignKey"}},{"outputs":[],"execution_count":0,"cell_type":"code","source":["ALTER TABLE [dbo].[AspNetUserRoles]  WITH CHECK ADD  CONSTRAINT [FK_AspNetUserRoles_AspNetRoles_RoleId] FOREIGN KEY([RoleId])\r\nREFERENCES [dbo].[AspNetRoles] ([Id])\r\nON DELETE CASCADE\r\n","GO\r\n","ALTER TABLE [dbo].[AspNetUserRoles] CHECK CONSTRAINT [FK_AspNetUserRoles_AspNetRoles_RoleId]\r\n","GO\r\n"],"metadata":{"urn":"Server[@Name='LAPTOP-FT7LEQ3D\\LOCALDB#1D07BE82']/Database[@Name='SamsungWebDb']/Table[@Name='AspNetUserRoles' and @Schema='dbo']/ForeignKey[@Name='FK_AspNetUserRoles_AspNetRoles_RoleId']","object_type":"ForeignKey"}},{"cell_type":"markdown","source":["# [FK_AspNetUserRoles_AspNetUsers_UserId]"],"metadata":{"urn":"Server[@Name='LAPTOP-FT7LEQ3D\\LOCALDB#1D07BE82']/Database[@Name='SamsungWebDb']/Table[@Name='AspNetUserRoles' and @Schema='dbo']/ForeignKey[@Name='FK_AspNetUserRoles_AspNetUsers_UserId']","object_type":"ForeignKey"}},{"outputs":[],"execution_count":0,"cell_type":"code","source":["ALTER TABLE [dbo].[AspNetUserRoles]  WITH CHECK ADD  CONSTRAINT [FK_AspNetUserRoles_AspNetUsers_UserId] FOREIGN KEY([UserId])\r\nREFERENCES [dbo].[AspNetUsers] ([Id])\r\nON DELETE CASCADE\r\n","GO\r\n","ALTER TABLE [dbo].[AspNetUserRoles] CHECK CONSTRAINT [FK_AspNetUserRoles_AspNetUsers_UserId]\r\n","GO\r\n"],"metadata":{"urn":"Server[@Name='LAPTOP-FT7LEQ3D\\LOCALDB#1D07BE82']/Database[@Name='SamsungWebDb']/Table[@Name='AspNetUserRoles' and @Schema='dbo']/ForeignKey[@Name='FK_AspNetUserRoles_AspNetUsers_UserId']","object_type":"ForeignKey"}},{"cell_type":"markdown","source":["# [FK_AspNetUserTokens_AspNetUsers_UserId]"],"metadata":{"urn":"Server[@Name='LAPTOP-FT7LEQ3D\\LOCALDB#1D07BE82']/Database[@Name='SamsungWebDb']/Table[@Name='AspNetUserTokens' and @Schema='dbo']/ForeignKey[@Name='FK_AspNetUserTokens_AspNetUsers_UserId']","object_type":"ForeignKey"}},{"outputs":[],"execution_count":0,"cell_type":"code","source":["ALTER TABLE [dbo].[AspNetUserTokens]  WITH CHECK ADD  CONSTRAINT [FK_AspNetUserTokens_AspNetUsers_UserId] FOREIGN KEY([UserId])\r\nREFERENCES [dbo].[AspNetUsers] ([Id])\r\nON DELETE CASCADE\r\n","GO\r\n","ALTER TABLE [dbo].[AspNetUserTokens] CHECK CONSTRAINT [FK_AspNetUserTokens_AspNetUsers_UserId]\r\n","GO\r\n"],"metadata":{"urn":"Server[@Name='LAPTOP-FT7LEQ3D\\LOCALDB#1D07BE82']/Database[@Name='SamsungWebDb']/Table[@Name='AspNetUserTokens' and @Schema='dbo']/ForeignKey[@Name='FK_AspNetUserTokens_AspNetUsers_UserId']","object_type":"ForeignKey"}},{"cell_type":"markdown","source":["# [FK_Categories_Categories_ParentCategoryId]"],"metadata":{"urn":"Server[@Name='LAPTOP-FT7LEQ3D\\LOCALDB#1D07BE82']/Database[@Name='SamsungWebDb']/Table[@Name='Categories' and @Schema='dbo']/ForeignKey[@Name='FK_Categories_Categories_ParentCategoryId']","object_type":"ForeignKey"}},{"outputs":[],"execution_count":0,"cell_type":"code","source":["ALTER TABLE [dbo].[Categories]  WITH CHECK ADD  CONSTRAINT [FK_Categories_Categories_ParentCategoryId] FOREIGN KEY([ParentCategoryId])\r\nREFERENCES [dbo].[Categories] ([Id])\r\n","GO\r\n","ALTER TABLE [dbo].[Categories] CHECK CONSTRAINT [FK_Categories_Categories_ParentCategoryId]\r\n","GO\r\n"],"metadata":{"urn":"Server[@Name='LAPTOP-FT7LEQ3D\\LOCALDB#1D07BE82']/Database[@Name='SamsungWebDb']/Table[@Name='Categories' and @Schema='dbo']/ForeignKey[@Name='FK_Categories_Categories_ParentCategoryId']","object_type":"ForeignKey"}},{"cell_type":"markdown","source":["# [FK_OrderDetails_Orders_OrderId]"],"metadata":{"urn":"Server[@Name='LAPTOP-FT7LEQ3D\\LOCALDB#1D07BE82']/Database[@Name='SamsungWebDb']/Table[@Name='OrderDetails' and @Schema='dbo']/ForeignKey[@Name='FK_OrderDetails_Orders_OrderId']","object_type":"ForeignKey"}},{"outputs":[],"execution_count":0,"cell_type":"code","source":["ALTER TABLE [dbo].[OrderDetails]  WITH CHECK ADD  CONSTRAINT [FK_OrderDetails_Orders_OrderId] FOREIGN KEY([OrderId])\r\nREFERENCES [dbo].[Orders] ([Id])\r\nON DELETE CASCADE\r\n","GO\r\n","ALTER TABLE [dbo].[OrderDetails] CHECK CONSTRAINT [FK_OrderDetails_Orders_OrderId]\r\n","GO\r\n"],"metadata":{"urn":"Server[@Name='LAPTOP-FT7LEQ3D\\LOCALDB#1D07BE82']/Database[@Name='SamsungWebDb']/Table[@Name='OrderDetails' and @Schema='dbo']/ForeignKey[@Name='FK_OrderDetails_Orders_OrderId']","object_type":"ForeignKey"}},{"cell_type":"markdown","source":["# [FK_OrderDetails_Products_ProductId]"],"metadata":{"urn":"Server[@Name='LAPTOP-FT7LEQ3D\\LOCALDB#1D07BE82']/Database[@Name='SamsungWebDb']/Table[@Name='OrderDetails' and @Schema='dbo']/ForeignKey[@Name='FK_OrderDetails_Products_ProductId']","object_type":"ForeignKey"}},{"outputs":[],"execution_count":0,"cell_type":"code","source":["ALTER TABLE [dbo].[OrderDetails]  WITH CHECK ADD  CONSTRAINT [FK_OrderDetails_Products_ProductId] FOREIGN KEY([ProductId])\r\nREFERENCES [dbo].[Products] ([Id])\r\nON DELETE CASCADE\r\n","GO\r\n","ALTER TABLE [dbo].[OrderDetails] CHECK CONSTRAINT [FK_OrderDetails_Products_ProductId]\r\n","GO\r\n"],"metadata":{"urn":"Server[@Name='LAPTOP-FT7LEQ3D\\LOCALDB#1D07BE82']/Database[@Name='SamsungWebDb']/Table[@Name='OrderDetails' and @Schema='dbo']/ForeignKey[@Name='FK_OrderDetails_Products_ProductId']","object_type":"ForeignKey"}},{"cell_type":"markdown","source":["# [FK_ProductCapacity_Products_ProductId]"],"metadata":{"urn":"Server[@Name='LAPTOP-FT7LEQ3D\\LOCALDB#1D07BE82']/Database[@Name='SamsungWebDb']/Table[@Name='ProductCapacity' and @Schema='dbo']/ForeignKey[@Name='FK_ProductCapacity_Products_ProductId']","object_type":"ForeignKey"}},{"outputs":[],"execution_count":0,"cell_type":"code","source":["ALTER TABLE [dbo].[ProductCapacity]  WITH CHECK ADD  CONSTRAINT [FK_ProductCapacity_Products_ProductId] FOREIGN KEY([ProductId])\r\nREFERENCES [dbo].[Products] ([Id])\r\nON DELETE CASCADE\r\n","GO\r\n","ALTER TABLE [dbo].[ProductCapacity] CHECK CONSTRAINT [FK_ProductCapacity_Products_ProductId]\r\n","GO\r\n"],"metadata":{"urn":"Server[@Name='LAPTOP-FT7LEQ3D\\LOCALDB#1D07BE82']/Database[@Name='SamsungWebDb']/Table[@Name='ProductCapacity' and @Schema='dbo']/ForeignKey[@Name='FK_ProductCapacity_Products_ProductId']","object_type":"ForeignKey"}},{"cell_type":"markdown","source":["# [FK_ProductColor_Products_ProductId]"],"metadata":{"urn":"Server[@Name='LAPTOP-FT7LEQ3D\\LOCALDB#1D07BE82']/Database[@Name='SamsungWebDb']/Table[@Name='ProductColor' and @Schema='dbo']/ForeignKey[@Name='FK_ProductColor_Products_ProductId']","object_type":"ForeignKey"}},{"outputs":[],"execution_count":0,"cell_type":"code","source":["ALTER TABLE [dbo].[ProductColor]  WITH CHECK ADD  CONSTRAINT [FK_ProductColor_Products_ProductId] FOREIGN KEY([ProductId])\r\nREFERENCES [dbo].[Products] ([Id])\r\nON DELETE CASCADE\r\n","GO\r\n","ALTER TABLE [dbo].[ProductColor] CHECK CONSTRAINT [FK_ProductColor_Products_ProductId]\r\n","GO\r\n"],"metadata":{"urn":"Server[@Name='LAPTOP-FT7LEQ3D\\LOCALDB#1D07BE82']/Database[@Name='SamsungWebDb']/Table[@Name='ProductColor' and @Schema='dbo']/ForeignKey[@Name='FK_ProductColor_Products_ProductId']","object_type":"ForeignKey"}},{"cell_type":"markdown","source":["# [FK_Products_Categories_CategoryId]"],"metadata":{"urn":"Server[@Name='LAPTOP-FT7LEQ3D\\LOCALDB#1D07BE82']/Database[@Name='SamsungWebDb']/Table[@Name='Products' and @Schema='dbo']/ForeignKey[@Name='FK_Products_Categories_CategoryId']","object_type":"ForeignKey"}},{"outputs":[],"execution_count":0,"cell_type":"code","source":["ALTER TABLE [dbo].[Products]  WITH CHECK ADD  CONSTRAINT [FK_Products_Categories_CategoryId] FOREIGN KEY([CategoryId])\r\nREFERENCES [dbo].[Categories] ([Id])\r\nON DELETE CASCADE\r\n","GO\r\n","ALTER TABLE [dbo].[Products] CHECK CONSTRAINT [FK_Products_Categories_CategoryId]\r\n","GO\r\n"],"metadata":{"urn":"Server[@Name='LAPTOP-FT7LEQ3D\\LOCALDB#1D07BE82']/Database[@Name='SamsungWebDb']/Table[@Name='Products' and @Schema='dbo']/ForeignKey[@Name='FK_Products_Categories_CategoryId']","object_type":"ForeignKey"}}]}